[{"id":"19835","districtId":"1981","name":"Gajah Mati"},{"id":"20109","districtId":"1981","name":"Kartayu"},{"id":"20219","districtId":"1981","name":"Keramat Jaya"},{"id":"20224","districtId":"1981","name":"Kerta Jaya"},{"id":"20847","districtId":"1981","name":"Pagar Kaya"},{"id":"21203","districtId":"1981","name":"Rantau Sialang"},{"id":"21446","districtId":"1981","name":"Sindang Marga"},{"id":"21611","districtId":"1981","name":"Sukalali"},{"id":"21752","districtId":"1981","name":"Sungai Dua"},{"id":"22178","districtId":"1981","name":"Tebing Bulang"}]