[
  {
    "id": "153",
    "provinceId": "13",
    "name": "Pandeglang"
  },
  {
    "id": "154",
    "provinceId": "13",
    "name": "Serang"
  },
  {
    "id": "155",
    "provinceId": "13",
    "name": "Lebak"
  },
  {
    "id": "160",
    "provinceId": "13",
    "name": "Tangerang"
  },
  {
    "id": "161",
    "provinceId": "13",
    "name": "Kota Tangerang Selatan"
  },
  {
    "id": "162",
    "provinceId": "13",
    "name": "Kota Cilegon"
  },
  {
    "id": "163",
    "provinceId": "13",
    "name": "Kota Serang"
  },
  {
    "id": "494",
    "provinceId": "13",
    "name": "Kota Tangerang"
  }
]