[
  {
    "id": "1787",
    "cityId": "126",
    "name": "Ilir Timur Dua"
  },
  {
    "id": "1788",
    "cityId": "126",
    "name": "Seberang Ulu Satu"
  },
  {
    "id": "1789",
    "cityId": "126",
    "name": "Ilir Timur Tiga"
  },
  {
    "id": "1790",
    "cityId": "126",
    "name": "Seberang Ulu Dua"
  },
  {
    "id": "1791",
    "cityId": "126",
    "name": "Ilir Timur Satu"
  },
  {
    "id": "1792",
    "cityId": "126",
    "name": "Jakabaring"
  },
  {
    "id": "1793",
    "cityId": "126",
    "name": "Bukitkecil"
  },
  {
    "id": "1794",
    "cityId": "126",
    "name": "Kemuning"
  },
  {
    "id": "1795",
    "cityId": "126",
    "name": "Ilir Barat Satu"
  },
  {
    "id": "1796",
    "cityId": "126",
    "name": "Ilir Barat Dua"
  },
  {
    "id": "1797",
    "cityId": "126",
    "name": "Gandus"
  },
  {
    "id": "1867",
    "cityId": "126",
    "name": "Plaju"
  },
  {
    "id": "1945",
    "cityId": "126",
    "name": "Kalidoni"
  },
  {
    "id": "2002",
    "cityId": "126",
    "name": "Alang-Alang Lebar"
  },
  {
    "id": "2004",
    "cityId": "126",
    "name": "Kertapati"
  },
  {
    "id": "2007",
    "cityId": "126",
    "name": "Sukarami"
  },
  {
    "id": "2012",
    "cityId": "126",
    "name": "Sematangborang"
  },
  {
    "id": "2022",
    "cityId": "126",
    "name": "Sako"
  },
  {
    "id": "1798",
    "cityId": "127",
    "name": "Sukamerindu"
  },
  {
    "id": "1812",
    "cityId": "127",
    "name": "Tanjungtebat"
  },
  {
    "id": "1825",
    "cityId": "127",
    "name": "Pagar Gunung"
  },
  {
    "id": "1830",
    "cityId": "127",
    "name": "Mulak Ulu"
  },
  {
    "id": "1844",
    "cityId": "127",
    "name": "Merapi Timur"
  },
  {
    "id": "1852",
    "cityId": "127",
    "name": "Jarai"
  },
  {
    "id": "1863",
    "cityId": "127",
    "name": "Kikim Timur"
  },
  {
    "id": "1866",
    "cityId": "127",
    "name": "Kikim Barat"
  },
  {
    "id": "1874",
    "cityId": "127",
    "name": "Lahat"
  },
  {
    "id": "1881",
    "cityId": "127",
    "name": "Muarapayang"
  },
  {
    "id": "1884",
    "cityId": "127",
    "name": "Kota Agung"
  },
  {
    "id": "1897",
    "cityId": "127",
    "name": "Lahat Selatan"
  },
  {
    "id": "1900",
    "cityId": "127",
    "name": "Pajar Bulan"
  },
  {
    "id": "1901",
    "cityId": "127",
    "name": "Kikim Selatan"
  },
  {
    "id": "1903",
    "cityId": "127",
    "name": "Kikim Tengah"
  },
  {
    "id": "1906",
    "cityId": "127",
    "name": "Gumay Talang"
  },
  {
    "id": "1913",
    "cityId": "127",
    "name": "Pseksu"
  },
  {
    "id": "1915",
    "cityId": "127",
    "name": "Tanjungsakti Pumu"
  },
  {
    "id": "1932",
    "cityId": "127",
    "name": "Tanjung Sakti Pumi"
  },
  {
    "id": "1973",
    "cityId": "127",
    "name": "Mulak Sebingkai"
  },
  {
    "id": "1984",
    "cityId": "127",
    "name": "Merapi Selatan"
  },
  {
    "id": "1986",
    "cityId": "127",
    "name": "Merapi Barat"
  },
  {
    "id": "1994",
    "cityId": "127",
    "name": "Pulaupinang"
  },
  {
    "id": "2015",
    "cityId": "127",
    "name": "Gumay Ulu"
  },
  {
    "id": "1799",
    "cityId": "128",
    "name": "Cengal"
  },
  {
    "id": "1815",
    "cityId": "128",
    "name": "Jejawi"
  },
  {
    "id": "1829",
    "cityId": "128",
    "name": "Pangkalan Lampam"
  },
  {
    "id": "1841",
    "cityId": "128",
    "name": "Kayu Agung"
  },
  {
    "id": "1853",
    "cityId": "128",
    "name": "Tanjung Lubuk"
  },
  {
    "id": "1857",
    "cityId": "128",
    "name": "Sirah Pulau Padang"
  },
  {
    "id": "1870",
    "cityId": "128",
    "name": "Mesuji Raya"
  },
  {
    "id": "1878",
    "cityId": "128",
    "name": "Air Sugihan"
  },
  {
    "id": "1887",
    "cityId": "128",
    "name": "Pampangan"
  },
  {
    "id": "1931",
    "cityId": "128",
    "name": "Teluk Gelam"
  },
  {
    "id": "1935",
    "cityId": "128",
    "name": "Mesuji Makmur"
  },
  {
    "id": "1947",
    "cityId": "128",
    "name": "Lempuing"
  },
  {
    "id": "1949",
    "cityId": "128",
    "name": "Sungai Menang"
  },
  {
    "id": "1957",
    "cityId": "128",
    "name": "Pedamaran"
  },
  {
    "id": "1960",
    "cityId": "128",
    "name": "Tulung Selapan"
  },
  {
    "id": "1980",
    "cityId": "128",
    "name": "Pedamaran Timur"
  },
  {
    "id": "1995",
    "cityId": "128",
    "name": "Mesuji"
  },
  {
    "id": "2013",
    "cityId": "128",
    "name": "Lempuing Jaya"
  },
  {
    "id": "1800",
    "cityId": "129",
    "name": "Semendawai Barat"
  },
  {
    "id": "1801",
    "cityId": "129",
    "name": "Madang Suku I"
  },
  {
    "id": "1838",
    "cityId": "129",
    "name": "Buay Madang"
  },
  {
    "id": "1843",
    "cityId": "129",
    "name": "Buay Pemuka Bangsa Raja"
  },
  {
    "id": "1846",
    "cityId": "129",
    "name": "Belitang Jaya"
  },
  {
    "id": "1871",
    "cityId": "129",
    "name": "Madang Suku Ii"
  },
  {
    "id": "1879",
    "cityId": "129",
    "name": "Buay Pemuka Peliung"
  },
  {
    "id": "1880",
    "cityId": "129",
    "name": "Madang Suku Iii"
  },
  {
    "id": "1886",
    "cityId": "129",
    "name": "Belitang Madang Raya"
  },
  {
    "id": "1888",
    "cityId": "129",
    "name": "Buay Madang Timur"
  },
  {
    "id": "1892",
    "cityId": "129",
    "name": "Belitang Ii"
  },
  {
    "id": "1914",
    "cityId": "129",
    "name": "Bunga Mayang"
  },
  {
    "id": "1918",
    "cityId": "129",
    "name": "Semendawai Timur"
  },
  {
    "id": "1922",
    "cityId": "129",
    "name": "Belitang"
  },
  {
    "id": "1946",
    "cityId": "129",
    "name": "Martapura"
  },
  {
    "id": "1954",
    "cityId": "129",
    "name": "Jayapura"
  },
  {
    "id": "1959",
    "cityId": "129",
    "name": "Semendawai Suku Iii"
  },
  {
    "id": "1963",
    "cityId": "129",
    "name": "Cempaka"
  },
  {
    "id": "1971",
    "cityId": "129",
    "name": "Belitang Iii"
  },
  {
    "id": "2020",
    "cityId": "129",
    "name": "Belitang Mulya"
  },
  {
    "id": "1802",
    "cityId": "130",
    "name": "Dempo Utara"
  },
  {
    "id": "1837",
    "cityId": "130",
    "name": "Pagar Alam Utara"
  },
  {
    "id": "1854",
    "cityId": "130",
    "name": "Dempo Selatan"
  },
  {
    "id": "1905",
    "cityId": "130",
    "name": "Pagar Alam Selatan"
  },
  {
    "id": "1965",
    "cityId": "130",
    "name": "Dempo Tengah"
  },
  {
    "id": "1803",
    "cityId": "131",
    "name": "Kisam Tinggi"
  },
  {
    "id": "1806",
    "cityId": "131",
    "name": "Mekakau Ilir"
  },
  {
    "id": "1807",
    "cityId": "131",
    "name": "Runjung Agung"
  },
  {
    "id": "1819",
    "cityId": "131",
    "name": "Buay Pemaca"
  },
  {
    "id": "1832",
    "cityId": "131",
    "name": "Banding Agung"
  },
  {
    "id": "1836",
    "cityId": "131",
    "name": "Muara Dua Kisam"
  },
  {
    "id": "1840",
    "cityId": "131",
    "name": "Pulau Beringin"
  },
  {
    "id": "1873",
    "cityId": "131",
    "name": "Buana Pemaca"
  },
  {
    "id": "1896",
    "cityId": "131",
    "name": "Buay Rawan"
  },
  {
    "id": "1909",
    "cityId": "131",
    "name": "Muara Dua"
  },
  {
    "id": "1920",
    "cityId": "131",
    "name": "Buay Runjung"
  },
  {
    "id": "1921",
    "cityId": "131",
    "name": "Warkuk Ranau Selatan"
  },
  {
    "id": "1953",
    "cityId": "131",
    "name": "Buay Sandang Aji"
  },
  {
    "id": "1955",
    "cityId": "131",
    "name": "Simpang"
  },
  {
    "id": "1962",
    "cityId": "131",
    "name": "Kisam Ilir"
  },
  {
    "id": "1970",
    "cityId": "131",
    "name": "Sungai Are"
  },
  {
    "id": "1983",
    "cityId": "131",
    "name": "Buay Pematang Ribu Ranau Tengah"
  },
  {
    "id": "2000",
    "cityId": "131",
    "name": "Tiga Dihaji"
  },
  {
    "id": "2019",
    "cityId": "131",
    "name": "Sindang Danau"
  },
  {
    "id": "1804",
    "cityId": "132",
    "name": "Lubai"
  },
  {
    "id": "1811",
    "cityId": "132",
    "name": "Rambang Niru"
  },
  {
    "id": "1821",
    "cityId": "132",
    "name": "Rambang"
  },
  {
    "id": "1826",
    "cityId": "132",
    "name": "Muara Enim"
  },
  {
    "id": "1835",
    "cityId": "132",
    "name": "Lembak"
  },
  {
    "id": "1845",
    "cityId": "132",
    "name": "Semende Darat Ulu"
  },
  {
    "id": "1851",
    "cityId": "132",
    "name": "Muara Belida"
  },
  {
    "id": "1859",
    "cityId": "132",
    "name": "Belida Darat"
  },
  {
    "id": "1864",
    "cityId": "132",
    "name": "Semende Darat Laut"
  },
  {
    "id": "1893",
    "cityId": "132",
    "name": "Gunung Megang"
  },
  {
    "id": "1902",
    "cityId": "132",
    "name": "Empat Petulai Dangku"
  },
  {
    "id": "1916",
    "cityId": "132",
    "name": "Semende Darat Tengah"
  },
  {
    "id": "1919",
    "cityId": "132",
    "name": "Panang Enim"
  },
  {
    "id": "1928",
    "cityId": "132",
    "name": "Belimbing"
  },
  {
    "id": "1936",
    "cityId": "132",
    "name": "Gelumbang"
  },
  {
    "id": "1937",
    "cityId": "132",
    "name": "Benakat"
  },
  {
    "id": "1972",
    "cityId": "132",
    "name": "Sungai Rotan"
  },
  {
    "id": "1974",
    "cityId": "132",
    "name": "Lawang Kidul"
  },
  {
    "id": "1977",
    "cityId": "132",
    "name": "Kelekar"
  },
  {
    "id": "1978",
    "cityId": "132",
    "name": "Tanjung Agung"
  },
  {
    "id": "1985",
    "cityId": "132",
    "name": "Ujan Mas"
  },
  {
    "id": "1997",
    "cityId": "132",
    "name": "Lubai Ulu"
  },
  {
    "id": "1805",
    "cityId": "133",
    "name": "Sanga Desa"
  },
  {
    "id": "1831",
    "cityId": "133",
    "name": "Plakat Tinggi"
  },
  {
    "id": "1861",
    "cityId": "133",
    "name": "Babat Toman"
  },
  {
    "id": "1862",
    "cityId": "133",
    "name": "Babat Supat"
  },
  {
    "id": "1868",
    "cityId": "133",
    "name": "Sekayu"
  },
  {
    "id": "1885",
    "cityId": "133",
    "name": "Jirak Jaya"
  },
  {
    "id": "1942",
    "cityId": "133",
    "name": "Sungai Lilin"
  },
  {
    "id": "1944",
    "cityId": "133",
    "name": "Batang Hari Leko"
  },
  {
    "id": "1948",
    "cityId": "133",
    "name": "Lawang Wetan"
  },
  {
    "id": "1969",
    "cityId": "133",
    "name": "Keluang"
  },
  {
    "id": "1979",
    "cityId": "133",
    "name": "Lais"
  },
  {
    "id": "1981",
    "cityId": "133",
    "name": "Sungai Keruh"
  },
  {
    "id": "5356",
    "cityId": "133",
    "name": "Lalan"
  },
  {
    "id": "5357",
    "cityId": "133",
    "name": "Tungkal Jaya"
  },
  {
    "id": "5358",
    "cityId": "133",
    "name": "Bayung Lencir"
  },
  {
    "id": "1808",
    "cityId": "134",
    "name": "Talang Kelapa"
  },
  {
    "id": "1814",
    "cityId": "134",
    "name": "Muara Padang"
  },
  {
    "id": "1822",
    "cityId": "134",
    "name": "Air Kumbang"
  },
  {
    "id": "1833",
    "cityId": "134",
    "name": "Suak Tapeh"
  },
  {
    "id": "1895",
    "cityId": "134",
    "name": "Tanjung Lago"
  },
  {
    "id": "1898",
    "cityId": "134",
    "name": "Pulau Rimau"
  },
  {
    "id": "1904",
    "cityId": "134",
    "name": "Rambutan"
  },
  {
    "id": "1938",
    "cityId": "134",
    "name": "Betung"
  },
  {
    "id": "1941",
    "cityId": "134",
    "name": "Air Salek"
  },
  {
    "id": "1951",
    "cityId": "134",
    "name": "Selat Penuguan"
  },
  {
    "id": "1952",
    "cityId": "134",
    "name": "Tungkal Ilir"
  },
  {
    "id": "1968",
    "cityId": "134",
    "name": "Banyuasin I"
  },
  {
    "id": "1975",
    "cityId": "134",
    "name": "Muara Sugihan"
  },
  {
    "id": "1982",
    "cityId": "134",
    "name": "Banyuasin Iii"
  },
  {
    "id": "1998",
    "cityId": "134",
    "name": "Sumber Marga Telang"
  },
  {
    "id": "2009",
    "cityId": "134",
    "name": "Rantau Bayur"
  },
  {
    "id": "2011",
    "cityId": "134",
    "name": "Sembawa"
  },
  {
    "id": "2017",
    "cityId": "134",
    "name": "Makarti Jaya"
  },
  {
    "id": "2018",
    "cityId": "134",
    "name": "Muara Telang"
  },
  {
    "id": "5359",
    "cityId": "134",
    "name": "Karang Agung Ilir"
  },
  {
    "id": "5360",
    "cityId": "134",
    "name": "Banyuasin Ii"
  },
  {
    "id": "1809",
    "cityId": "135",
    "name": "Tuah Negeri"
  },
  {
    "id": "1824",
    "cityId": "135",
    "name": "Muara Beliti"
  },
  {
    "id": "1842",
    "cityId": "135",
    "name": "Muara Lakitan"
  },
  {
    "id": "1858",
    "cityId": "135",
    "name": "Tugumulyo"
  },
  {
    "id": "1860",
    "cityId": "135",
    "name": "Stl Ulu Terawas"
  },
  {
    "id": "1889",
    "cityId": "135",
    "name": "Bts. Ulu"
  },
  {
    "id": "1891",
    "cityId": "135",
    "name": "Suka Karya"
  },
  {
    "id": "1894",
    "cityId": "135",
    "name": "Purwodadi"
  },
  {
    "id": "1908",
    "cityId": "135",
    "name": "Tiang Pumpung Kepungut"
  },
  {
    "id": "1912",
    "cityId": "135",
    "name": "Selangit"
  },
  {
    "id": "1929",
    "cityId": "135",
    "name": "Muara Kelingi"
  },
  {
    "id": "1950",
    "cityId": "135",
    "name": "Jayaloka"
  },
  {
    "id": "1964",
    "cityId": "135",
    "name": "Megang Sakti"
  },
  {
    "id": "1992",
    "cityId": "135",
    "name": "Sumber Harta"
  },
  {
    "id": "1810",
    "cityId": "136",
    "name": "Rawas Ilir"
  },
  {
    "id": "1847",
    "cityId": "136",
    "name": "Karang Dapo"
  },
  {
    "id": "1910",
    "cityId": "136",
    "name": "Rupit"
  },
  {
    "id": "1943",
    "cityId": "136",
    "name": "Karang Jaya"
  },
  {
    "id": "1991",
    "cityId": "136",
    "name": "Nibung"
  },
  {
    "id": "1993",
    "cityId": "136",
    "name": "Ulu Rawas"
  },
  {
    "id": "2010",
    "cityId": "136",
    "name": "Rawas Ulu"
  },
  {
    "id": "1813",
    "cityId": "137",
    "name": "Baturaja Barat"
  },
  {
    "id": "1828",
    "cityId": "137",
    "name": "Baturaja Timur"
  },
  {
    "id": "1834",
    "cityId": "137",
    "name": "Lubuk Batang"
  },
  {
    "id": "1872",
    "cityId": "137",
    "name": "Sosoh Buay Rayap"
  },
  {
    "id": "1877",
    "cityId": "137",
    "name": "Lengkiti"
  },
  {
    "id": "1899",
    "cityId": "137",
    "name": "Semidang Aji"
  },
  {
    "id": "1907",
    "cityId": "137",
    "name": "Lubuk Raja"
  },
  {
    "id": "1924",
    "cityId": "137",
    "name": "Pengandonan"
  },
  {
    "id": "1925",
    "cityId": "137",
    "name": "Ulu Ogan"
  },
  {
    "id": "1927",
    "cityId": "137",
    "name": "Peninjauan"
  },
  {
    "id": "1933",
    "cityId": "137",
    "name": "Muara Jaya"
  },
  {
    "id": "1956",
    "cityId": "137",
    "name": "Kedaton Peninjauan Raya"
  },
  {
    "id": "2003",
    "cityId": "137",
    "name": "Sinar Peninjauan"
  },
  {
    "id": "1816",
    "cityId": "138",
    "name": "Penukal"
  },
  {
    "id": "1930",
    "cityId": "138",
    "name": "Talang Ubi"
  },
  {
    "id": "1939",
    "cityId": "138",
    "name": "Abab"
  },
  {
    "id": "1989",
    "cityId": "138",
    "name": "Tanah Abang"
  },
  {
    "id": "2001",
    "cityId": "138",
    "name": "Penukal Utara"
  },
  {
    "id": "1817",
    "cityId": "139",
    "name": "Pendopo Barat"
  },
  {
    "id": "1820",
    "cityId": "139",
    "name": "Ulu Musi"
  },
  {
    "id": "1827",
    "cityId": "139",
    "name": "Pasemah Air Keruh"
  },
  {
    "id": "1855",
    "cityId": "139",
    "name": "Tebing Tinggi"
  },
  {
    "id": "1865",
    "cityId": "139",
    "name": "Lintang Kanan"
  },
  {
    "id": "1875",
    "cityId": "139",
    "name": "Pendopo"
  },
  {
    "id": "1876",
    "cityId": "139",
    "name": "Sikap Dalam"
  },
  {
    "id": "1911",
    "cityId": "139",
    "name": "Muara Pinang"
  },
  {
    "id": "1966",
    "cityId": "139",
    "name": "Talang Padang"
  },
  {
    "id": "2006",
    "cityId": "139",
    "name": "Saling"
  },
  {
    "id": "1818",
    "cityId": "140",
    "name": "Lubuk Linggau Selatan I"
  },
  {
    "id": "1823",
    "cityId": "140",
    "name": "Lubuk Linggau Timur I"
  },
  {
    "id": "1882",
    "cityId": "140",
    "name": "Lubuk Linggau Barat Ii"
  },
  {
    "id": "1883",
    "cityId": "140",
    "name": "Lubuk Linggau Barat I"
  },
  {
    "id": "1917",
    "cityId": "140",
    "name": "Lubuk Linggau Utara Ii"
  },
  {
    "id": "1923",
    "cityId": "140",
    "name": "Lubuk Linggau Utara I"
  },
  {
    "id": "1967",
    "cityId": "140",
    "name": "Lubuk Linggau Timur Ii"
  },
  {
    "id": "1976",
    "cityId": "140",
    "name": "Lubuk Linggau Selatan Ii"
  },
  {
    "id": "1839",
    "cityId": "141",
    "name": "Prabumulih Utara"
  },
  {
    "id": "1961",
    "cityId": "141",
    "name": "Cambai"
  },
  {
    "id": "1987",
    "cityId": "141",
    "name": "Prabumulih Timur"
  },
  {
    "id": "1988",
    "cityId": "141",
    "name": "Prabumulih Barat"
  },
  {
    "id": "1999",
    "cityId": "141",
    "name": "Rambang Kpk Tengah"
  },
  {
    "id": "2016",
    "cityId": "141",
    "name": "Prabumulih Selatan"
  },
  {
    "id": "1848",
    "cityId": "142",
    "name": "Rantau Panjang"
  },
  {
    "id": "1849",
    "cityId": "142",
    "name": "Indralaya Selatan"
  },
  {
    "id": "1850",
    "cityId": "142",
    "name": "Pemulutan Barat"
  },
  {
    "id": "1856",
    "cityId": "142",
    "name": "Pemulutan"
  },
  {
    "id": "1869",
    "cityId": "142",
    "name": "Indralaya Utara"
  },
  {
    "id": "1890",
    "cityId": "142",
    "name": "Tanjung Batu"
  },
  {
    "id": "1926",
    "cityId": "142",
    "name": "Tanjung Raja"
  },
  {
    "id": "1934",
    "cityId": "142",
    "name": "Rambang Kuang"
  },
  {
    "id": "1940",
    "cityId": "142",
    "name": "Lubuk Keliat"
  },
  {
    "id": "1958",
    "cityId": "142",
    "name": "Pemulutan Selatan"
  },
  {
    "id": "1990",
    "cityId": "142",
    "name": "Indralaya"
  },
  {
    "id": "1996",
    "cityId": "142",
    "name": "Kandis"
  },
  {
    "id": "2005",
    "cityId": "142",
    "name": "Muara Kuang"
  },
  {
    "id": "2008",
    "cityId": "142",
    "name": "Rantau Alai"
  },
  {
    "id": "2014",
    "cityId": "142",
    "name": "Payaraman"
  },
  {
    "id": "2021",
    "cityId": "142",
    "name": "Sungai Pinang"
  }
]