[{"id":"1798","cityId":"127","name":"Sukamerindu"},{"id":"1812","cityId":"127","name":"Tanjungtebat"},{"id":"1825","cityId":"127","name":"Pagar Gunung"},{"id":"1830","cityId":"127","name":"Mulak Ulu"},{"id":"1844","cityId":"127","name":"Merapi Timur"},{"id":"1852","cityId":"127","name":"Jarai"},{"id":"1863","cityId":"127","name":"Kikim Timur"},{"id":"1866","cityId":"127","name":"Kikim Barat"},{"id":"1874","cityId":"127","name":"Lahat"},{"id":"1881","cityId":"127","name":"Muarapayang"},{"id":"1884","cityId":"127","name":"Kota Agung"},{"id":"1897","cityId":"127","name":"Lahat Selatan"},{"id":"1900","cityId":"127","name":"Pajar Bulan"},{"id":"1901","cityId":"127","name":"Kikim Selatan"},{"id":"1903","cityId":"127","name":"Kikim Tengah"},{"id":"1906","cityId":"127","name":"Gumay Talang"},{"id":"1913","cityId":"127","name":"Pseksu"},{"id":"1915","cityId":"127","name":"Tanjungsakti Pumu"},{"id":"1932","cityId":"127","name":"Tanjung Sakti Pumi"},{"id":"1973","cityId":"127","name":"Mulak Sebingkai"},{"id":"1984","cityId":"127","name":"Merapi Selatan"},{"id":"1986","cityId":"127","name":"Merapi Barat"},{"id":"1994","cityId":"127","name":"Pulaupinang"},{"id":"2015","cityId":"127","name":"Gumay Ulu"}]