[{"id":"1799","cityId":"128","name":"Cengal"},{"id":"1815","cityId":"128","name":"Jejawi"},{"id":"1829","cityId":"128","name":"Pangkalan Lampam"},{"id":"1841","cityId":"128","name":"Kayu Agung"},{"id":"1853","cityId":"128","name":"Tanjung Lubuk"},{"id":"1857","cityId":"128","name":"Sirah Pulau Padang"},{"id":"1870","cityId":"128","name":"Mesuji Raya"},{"id":"1878","cityId":"128","name":"Air Sugihan"},{"id":"1887","cityId":"128","name":"Pampangan"},{"id":"1931","cityId":"128","name":"Teluk Gelam"},{"id":"1935","cityId":"128","name":"Mesuji Makmur"},{"id":"1947","cityId":"128","name":"Lempuing"},{"id":"1949","cityId":"128","name":"Sungai Menang"},{"id":"1957","cityId":"128","name":"Pedamaran"},{"id":"1960","cityId":"128","name":"Tulung Selapan"},{"id":"1980","cityId":"128","name":"Pedamaran Timur"},{"id":"1995","cityId":"128","name":"Mesuji"},{"id":"2013","cityId":"128","name":"Lempuing Jaya"}]