[{"id":"2690","cityId":"175","name":"Bojongmangu"},{"id":"2691","cityId":"175","name":"Cibarusah"},{"id":"2692","cityId":"175","name":"Serang Baru"},{"id":"2693","cityId":"175","name":"Setu"},{"id":"2694","cityId":"175","name":"Cikarang Pusat"},{"id":"2695","cityId":"175","name":"Cikarang Selatan"},{"id":"2696","cityId":"175","name":"Cikarang Barat"},{"id":"2697","cityId":"175","name":"Cikarang Timur"},{"id":"2698","cityId":"175","name":"Cikarang Utara"},{"id":"2699","cityId":"175","name":"Tambun Selatan"},{"id":"2700","cityId":"175","name":"Cibitung"},{"id":"2701","cityId":"175","name":"Kedung Waringin"},{"id":"2702","cityId":"175","name":"Karang Bahagia"},{"id":"2703","cityId":"175","name":"Sukatani"},{"id":"2704","cityId":"175","name":"Tambun Utara"},{"id":"2705","cityId":"175","name":"Pebayuran"},{"id":"2706","cityId":"175","name":"Tambelang"},{"id":"2707","cityId":"175","name":"Babelan"},{"id":"2708","cityId":"175","name":"Sukakarya"},{"id":"2709","cityId":"175","name":"Tarumajaya"},{"id":"2710","cityId":"175","name":"Sukawangi"},{"id":"2711","cityId":"175","name":"Cabangbungin"},{"id":"2712","cityId":"175","name":"Muaragembong"}]