[
  {
    "id": "2896",
    "cityId": "197",
    "name": "Kapuas Barat"
  },
  {
    "id": "2897",
    "cityId": "197",
    "name": "Kapuas Timur"
  },
  {
    "id": "2899",
    "cityId": "197",
    "name": "Pulau Petak"
  },
  {
    "id": "2935",
    "cityId": "197",
    "name": "Kapuas Hilir"
  },
  {
    "id": "2940",
    "cityId": "197",
    "name": "Bataguh"
  },
  {
    "id": "2943",
    "cityId": "197",
    "name": "Tamban Catur"
  },
  {
    "id": "2965",
    "cityId": "197",
    "name": "Kapuas Kuala"
  },
  {
    "id": "2971",
    "cityId": "197",
    "name": "Basarang"
  },
  {
    "id": "2991",
    "cityId": "197",
    "name": "Kapuas Murung"
  },
  {
    "id": "2993",
    "cityId": "197",
    "name": "Dadahup"
  },
  {
    "id": "3019",
    "cityId": "197",
    "name": "Mantangai"
  },
  {
    "id": "3037",
    "cityId": "197",
    "name": "Selat"
  },
  {
    "id": "5582",
    "cityId": "197",
    "name": "Kapuas Hulu"
  },
  {
    "id": "5667",
    "cityId": "197",
    "name": "Timpah"
  },
  {
    "id": "5678",
    "cityId": "197",
    "name": "Kapuas Tengah"
  },
  {
    "id": "5680",
    "cityId": "197",
    "name": "Pasak Talawang"
  },
  {
    "id": "5770",
    "cityId": "197",
    "name": "Mandau Talawang"
  },
  {
    "id": "2900",
    "cityId": "198",
    "name": "Pulang Pisau"
  },
  {
    "id": "2923",
    "cityId": "198",
    "name": "Maliku"
  },
  {
    "id": "2931",
    "cityId": "198",
    "name": "Kahayan Kuala"
  },
  {
    "id": "2990",
    "cityId": "198",
    "name": "Pandih Batu"
  },
  {
    "id": "3010",
    "cityId": "198",
    "name": "Jabiren"
  },
  {
    "id": "3035",
    "cityId": "198",
    "name": "Sebangau Kuala"
  },
  {
    "id": "5413",
    "cityId": "198",
    "name": "Kahayan Tengah"
  },
  {
    "id": "5607",
    "cityId": "198",
    "name": "Banama Tingang"
  },
  {
    "id": "2915",
    "cityId": "199",
    "name": "Baamang"
  },
  {
    "id": "2917",
    "cityId": "199",
    "name": "Pulau Hanaut"
  },
  {
    "id": "2925",
    "cityId": "199",
    "name": "Mentaya Hilir Utara"
  },
  {
    "id": "2950",
    "cityId": "199",
    "name": "Mentawa Baru Ketapang"
  },
  {
    "id": "2972",
    "cityId": "199",
    "name": "Teluk Sampit"
  },
  {
    "id": "2974",
    "cityId": "199",
    "name": "Mentaya Hilir Selatan"
  },
  {
    "id": "3009",
    "cityId": "199",
    "name": "Seranau"
  },
  {
    "id": "5436",
    "cityId": "199",
    "name": "Kota Besi"
  },
  {
    "id": "5467",
    "cityId": "199",
    "name": "Cempaga Hulu"
  },
  {
    "id": "5503",
    "cityId": "199",
    "name": "Parenggean"
  },
  {
    "id": "5504",
    "cityId": "199",
    "name": "Telawang"
  },
  {
    "id": "5542",
    "cityId": "199",
    "name": "Antang Kalang"
  },
  {
    "id": "5561",
    "cityId": "199",
    "name": "Cempaga"
  },
  {
    "id": "5615",
    "cityId": "199",
    "name": "Bukit Santuai"
  },
  {
    "id": "5620",
    "cityId": "199",
    "name": "Mentaya Hulu"
  },
  {
    "id": "5656",
    "cityId": "199",
    "name": "Telaga Antang"
  },
  {
    "id": "5740",
    "cityId": "199",
    "name": "Tualan Hulu"
  }
]