[{"id":"3440","cityId":"232","name":"Lanrisang"},{"id":"3461","cityId":"232","name":"Duampanua"},{"id":"3465","cityId":"232","name":"Lembang"},{"id":"3474","cityId":"232","name":"Batu Lappa"},{"id":"3565","cityId":"232","name":"Mattiro Bulu"},{"id":"3626","cityId":"232","name":"Patampanua"},{"id":"3627","cityId":"232","name":"Paleteang"},{"id":"3629","cityId":"232","name":"Watang Sawito"},{"id":"3639","cityId":"232","name":"Cempa"},{"id":"3644","cityId":"232","name":"Matirro Sompe"},{"id":"3645","cityId":"232","name":"Tiroang"},{"id":"3648","cityId":"232","name":"Suppa"}]