[
  {
    "id": "197",
    "cityId": "21",
    "name": "Sandubaya"
  },
  {
    "id": "208",
    "cityId": "21",
    "name": "Ampenan"
  },
  {
    "id": "252",
    "cityId": "21",
    "name": "Cakranegara"
  },
  {
    "id": "258",
    "cityId": "21",
    "name": "Selaprang"
  },
  {
    "id": "269",
    "cityId": "21",
    "name": "Sekarbela"
  },
  {
    "id": "283",
    "cityId": "21",
    "name": "Mataram"
  },
  {
    "id": "198",
    "cityId": "22",
    "name": "Sekongkang"
  },
  {
    "id": "206",
    "cityId": "22",
    "name": "Seteluk"
  },
  {
    "id": "211",
    "cityId": "22",
    "name": "Taliwang"
  },
  {
    "id": "221",
    "cityId": "22",
    "name": "Brang Rea"
  },
  {
    "id": "239",
    "cityId": "22",
    "name": "Jereweh"
  },
  {
    "id": "240",
    "cityId": "22",
    "name": "Maluk"
  },
  {
    "id": "274",
    "cityId": "22",
    "name": "Brang Ene"
  },
  {
    "id": "278",
    "cityId": "22",
    "name": "Poto Tano"
  },
  {
    "id": "199",
    "cityId": "23",
    "name": "Lantung"
  },
  {
    "id": "217",
    "cityId": "23",
    "name": "Labuhan Badas"
  },
  {
    "id": "219",
    "cityId": "23",
    "name": "Utan"
  },
  {
    "id": "226",
    "cityId": "23",
    "name": "Batu Lanteh"
  },
  {
    "id": "228",
    "cityId": "23",
    "name": "Alas"
  },
  {
    "id": "229",
    "cityId": "23",
    "name": "Moyo Utara"
  },
  {
    "id": "230",
    "cityId": "23",
    "name": "Moyo Hilir"
  },
  {
    "id": "231",
    "cityId": "23",
    "name": "Moyo Hulu"
  },
  {
    "id": "243",
    "cityId": "23",
    "name": "Lopok"
  },
  {
    "id": "245",
    "cityId": "23",
    "name": "Unter Iwes"
  },
  {
    "id": "246",
    "cityId": "23",
    "name": "Empang"
  },
  {
    "id": "248",
    "cityId": "23",
    "name": "Sumbawa"
  },
  {
    "id": "249",
    "cityId": "23",
    "name": "Plampang"
  },
  {
    "id": "250",
    "cityId": "23",
    "name": "Buer"
  },
  {
    "id": "260",
    "cityId": "23",
    "name": "Lape"
  },
  {
    "id": "261",
    "cityId": "23",
    "name": "Lunyuk"
  },
  {
    "id": "267",
    "cityId": "23",
    "name": "Alas Barat"
  },
  {
    "id": "268",
    "cityId": "23",
    "name": "Labangka"
  },
  {
    "id": "276",
    "cityId": "23",
    "name": "Orong Telu"
  },
  {
    "id": "279",
    "cityId": "23",
    "name": "Maronge"
  },
  {
    "id": "280",
    "cityId": "23",
    "name": "Ropang"
  },
  {
    "id": "281",
    "cityId": "23",
    "name": "Lenangguar"
  },
  {
    "id": "282",
    "cityId": "23",
    "name": "Rhee"
  },
  {
    "id": "3333",
    "cityId": "23",
    "name": "Tarano"
  },
  {
    "id": "200",
    "cityId": "24",
    "name": "Batukliang Utara"
  },
  {
    "id": "201",
    "cityId": "24",
    "name": "Kopang"
  },
  {
    "id": "202",
    "cityId": "24",
    "name": "Batukliang"
  },
  {
    "id": "204",
    "cityId": "24",
    "name": "Praya"
  },
  {
    "id": "212",
    "cityId": "24",
    "name": "Pringgarata"
  },
  {
    "id": "218",
    "cityId": "24",
    "name": "Janapria"
  },
  {
    "id": "222",
    "cityId": "24",
    "name": "Pujut"
  },
  {
    "id": "224",
    "cityId": "24",
    "name": "Praya Barat"
  },
  {
    "id": "227",
    "cityId": "24",
    "name": "Jonggat"
  },
  {
    "id": "237",
    "cityId": "24",
    "name": "Praya Tengah"
  },
  {
    "id": "238",
    "cityId": "24",
    "name": "Praya Timur"
  },
  {
    "id": "256",
    "cityId": "24",
    "name": "Praya Barat Daya"
  },
  {
    "id": "203",
    "cityId": "25",
    "name": "Pringgasela"
  },
  {
    "id": "205",
    "cityId": "25",
    "name": "Aikmel"
  },
  {
    "id": "209",
    "cityId": "25",
    "name": "Pringgabaya"
  },
  {
    "id": "210",
    "cityId": "25",
    "name": "Suralaga"
  },
  {
    "id": "215",
    "cityId": "25",
    "name": "Sambelia"
  },
  {
    "id": "220",
    "cityId": "25",
    "name": "Wanasaba"
  },
  {
    "id": "223",
    "cityId": "25",
    "name": "Labuhan Haji"
  },
  {
    "id": "234",
    "cityId": "25",
    "name": "Jerowaru"
  },
  {
    "id": "236",
    "cityId": "25",
    "name": "Keruak"
  },
  {
    "id": "244",
    "cityId": "25",
    "name": "Sembalun"
  },
  {
    "id": "247",
    "cityId": "25",
    "name": "Sakra Barat"
  },
  {
    "id": "253",
    "cityId": "25",
    "name": "Masbagik"
  },
  {
    "id": "254",
    "cityId": "25",
    "name": "Selong"
  },
  {
    "id": "257",
    "cityId": "25",
    "name": "Sikur"
  },
  {
    "id": "259",
    "cityId": "25",
    "name": "Sukamulia"
  },
  {
    "id": "262",
    "cityId": "25",
    "name": "Terara"
  },
  {
    "id": "264",
    "cityId": "25",
    "name": "Sakra Timur"
  },
  {
    "id": "271",
    "cityId": "25",
    "name": "Montong Gading"
  },
  {
    "id": "272",
    "cityId": "25",
    "name": "Sakra"
  },
  {
    "id": "273",
    "cityId": "25",
    "name": "Lenek"
  },
  {
    "id": "277",
    "cityId": "25",
    "name": "Suwela"
  },
  {
    "id": "207",
    "cityId": "26",
    "name": "Bayan"
  },
  {
    "id": "241",
    "cityId": "26",
    "name": "Gangga"
  },
  {
    "id": "255",
    "cityId": "26",
    "name": "Kayangan"
  },
  {
    "id": "265",
    "cityId": "26",
    "name": "Pemenang"
  },
  {
    "id": "270",
    "cityId": "26",
    "name": "Tanjung"
  },
  {
    "id": "213",
    "cityId": "27",
    "name": "Gerung"
  },
  {
    "id": "214",
    "cityId": "27",
    "name": "Narmada"
  },
  {
    "id": "216",
    "cityId": "27",
    "name": "Labuapi"
  },
  {
    "id": "225",
    "cityId": "27",
    "name": "Kediri"
  },
  {
    "id": "232",
    "cityId": "27",
    "name": "Lingsar"
  },
  {
    "id": "233",
    "cityId": "27",
    "name": "Batu Layar"
  },
  {
    "id": "235",
    "cityId": "27",
    "name": "Sekotong"
  },
  {
    "id": "251",
    "cityId": "27",
    "name": "Gunungsari"
  },
  {
    "id": "263",
    "cityId": "27",
    "name": "Lembar"
  },
  {
    "id": "266",
    "cityId": "27",
    "name": "Kuripan"
  },
  {
    "id": "242",
    "cityId": "28",
    "name": "Pekat"
  },
  {
    "id": "3326",
    "cityId": "28",
    "name": "Hu'U"
  },
  {
    "id": "3327",
    "cityId": "28",
    "name": "Manggalewa"
  },
  {
    "id": "3328",
    "cityId": "28",
    "name": "Dompu"
  },
  {
    "id": "3331",
    "cityId": "28",
    "name": "Woja"
  },
  {
    "id": "3344",
    "cityId": "28",
    "name": "Kempo"
  },
  {
    "id": "3347",
    "cityId": "28",
    "name": "Pajo"
  },
  {
    "id": "3352",
    "cityId": "28",
    "name": "Kilo"
  },
  {
    "id": "275",
    "cityId": "29",
    "name": "Tambora"
  },
  {
    "id": "3329",
    "cityId": "29",
    "name": "Soromandi"
  },
  {
    "id": "3330",
    "cityId": "29",
    "name": "Sape"
  },
  {
    "id": "3332",
    "cityId": "29",
    "name": "Wera"
  },
  {
    "id": "3334",
    "cityId": "29",
    "name": "Monta"
  },
  {
    "id": "3335",
    "cityId": "29",
    "name": "Palibelo"
  },
  {
    "id": "3336",
    "cityId": "29",
    "name": "Madapangga"
  },
  {
    "id": "3337",
    "cityId": "29",
    "name": "Bolo"
  },
  {
    "id": "3338",
    "cityId": "29",
    "name": "Sanggar"
  },
  {
    "id": "3339",
    "cityId": "29",
    "name": "Donggo"
  },
  {
    "id": "3340",
    "cityId": "29",
    "name": "Belo"
  },
  {
    "id": "3341",
    "cityId": "29",
    "name": "Woha"
  },
  {
    "id": "3345",
    "cityId": "29",
    "name": "Langgudu"
  },
  {
    "id": "3346",
    "cityId": "29",
    "name": "Lambu"
  },
  {
    "id": "3349",
    "cityId": "29",
    "name": "Lambitu"
  },
  {
    "id": "3350",
    "cityId": "29",
    "name": "Wawo"
  },
  {
    "id": "3351",
    "cityId": "29",
    "name": "Parado"
  },
  {
    "id": "3354",
    "cityId": "29",
    "name": "Ambalawi"
  },
  {
    "id": "3342",
    "cityId": "231",
    "name": "Rasanae Barat"
  },
  {
    "id": "3343",
    "cityId": "231",
    "name": "Rasanae Timur"
  },
  {
    "id": "3348",
    "cityId": "231",
    "name": "Asakota"
  },
  {
    "id": "3353",
    "cityId": "231",
    "name": "Raba"
  },
  {
    "id": "3355",
    "cityId": "231",
    "name": "Mpunda"
  }
]